﻿<?xml version="1.0"?>
<doc>
<assembly>
<name>
formPostHandler
</name>
</assembly>
<members>
<member name="T:formPostHandler.My.Resources.Resources">
<summary>
  A strongly-typed resource class, for looking up localized strings, etc.
</summary>
</member>
<member name="P:formPostHandler.My.Resources.Resources.ResourceManager">
<summary>
  Returns the cached ResourceManager instance used by this class.
</summary>
</member>
<member name="P:formPostHandler.My.Resources.Resources.Culture">
<summary>
  Overrides the current thread's CurrentUICulture property for all
  resource lookups using this strongly typed resource class.
</summary>
</member>
<member name="P:formPostHandler.My.Resources.Resources.install">
<summary>
  Looks up a localized string similar to .
</summary>
</member>
<member name="P:formPostHandler.My.Resources.Resources.Query">
<summary>
  Looks up a localized string similar to /****
For XML SQL statement here ...

***/.
</summary>
</member>
<member name="T:formPostHandler.CUSTOMERS">
 <summary>

 This code was generated by the Schema Utility.

 Form: CUSTOMERS as List(Of rowCUSTOMERS)
 Date: 13/11/2019

 </summary>
</member>
<member name="M:formPostHandler.CUSTOMERS.#ctor(System.Reflection.Assembly@,PriPROC6.Interface.oData.oRow)">
 <summary>
 CUSTOMERS Constructor method.
 </summary>
 <param name="Sender">The Assembly.GetExecutingAssembly of your project</param>
 <param name="Parent">Optional: Parent oRow of this form</param>
</member>
<member name="M:formPostHandler.CUSTOMERS.AddRow">
 <summary>
 Add a new row to the CUSTOMERS form.
 </summary>
 <returns>rowCUSTOMERS</returns>
</member>
<member name="T:formPostHandler.rowCUSTOMERS">
 <summary>
 Defines rows in the CUSTOMERS form.
 </summary>
</member>
<member name="M:formPostHandler.rowCUSTOMERS.#ctor(PriPROC6.Interface.oData.oForm)">
 <summary>
 rowCUSTOMERS Constructor method.
 </summary>
 <param name="Parent">Parent oForm of this row</param>
</member>
<member name="P:formPostHandler.rowCUSTOMERS.CUSTPERSONNEL">
 <summary>
 Get/set the CUSTPERSONNEL subform.
 </summary>
 <returns>CUSTPERSONNEL</returns>
</member>
<member name="P:formPostHandler.rowCUSTOMERS.CUSTNAME">
 <summary>
 Get / Set the "Customer Number" Value of CUSTOMERS.
 </summary>
 <returns>String</returns>	
</member>
<member name="P:formPostHandler.rowCUSTOMERS.CUSTDES">
 <summary>
 Get / Set the "Customer Name" Value of CUSTOMERS.
 </summary>
 <returns>String</returns>	
</member>
<member name="P:formPostHandler.rowCUSTOMERS.STATDES">
 <summary>
 Get / Set the "Status" Value of CUSTOMERS.
 </summary>
 <returns>String</returns>	
</member>
<member name="P:formPostHandler.rowCUSTOMERS.OWNERLOGIN">
 <summary>
 Get / Set the "Assigned to" Value of CUSTOMERS.
 </summary>
 <returns>String</returns>	
</member>
<member name="P:formPostHandler.rowCUSTOMERS.INACTIVEFLAG">
 <summary>
 Get the Read Only "Inactive" Value of CUSTOMERS.
 </summary>
 <returns>String</returns>	
</member>
<member name="P:formPostHandler.rowCUSTOMERS.CREATEDDATE">
 <summary>
 Get / Set the "Date Opened" Value of CUSTOMERS.
 </summary>
 <returns>Date</returns>	
</member>
<member name="P:formPostHandler.rowCUSTOMERS.STATUSDATE">
 <summary>
 Get the Read Only "Status Update Date" Value of CUSTOMERS.
 </summary>
 <returns>Date</returns>	
</member>
<member name="P:formPostHandler.rowCUSTOMERS.PHONE">
 <summary>
 Get / Set the "Phone Number" Value of CUSTOMERS.
 </summary>
 <returns>String</returns>	
</member>
<member name="P:formPostHandler.rowCUSTOMERS.FAX">
 <summary>
 Get / Set the "Fax Number" Value of CUSTOMERS.
 </summary>
 <returns>String</returns>	
</member>
<member name="P:formPostHandler.rowCUSTOMERS.EMAIL">
 <summary>
 Get / Set the "E-mail Address" Value of CUSTOMERS.
 </summary>
 <returns>String</returns>	
</member>
<member name="P:formPostHandler.rowCUSTOMERS.BUSINESSTYPE">
 <summary>
 Get / Set the "Type of Business" Value of CUSTOMERS.
 </summary>
 <returns>String</returns>	
</member>
<member name="P:formPostHandler.rowCUSTOMERS.MCUSTNAME">
 <summary>
 Get / Set the "Representative Cust." Value of CUSTOMERS.
 </summary>
 <returns>String</returns>	
</member>
<member name="P:formPostHandler.rowCUSTOMERS.MCUSTDES">
 <summary>
 Get the Read Only "Rep Customer Name" Value of CUSTOMERS.
 </summary>
 <returns>String</returns>	
</member>
<member name="P:formPostHandler.rowCUSTOMERS.CTYPECODE">
 <summary>
 Get / Set the "Cust. Group Code" Value of CUSTOMERS.
 </summary>
 <returns>String</returns>	
</member>
<member name="P:formPostHandler.rowCUSTOMERS.CTYPENAME">
 <summary>
 Get the Read Only "Group Description" Value of CUSTOMERS.
 </summary>
 <returns>String</returns>	
</member>
<member name="P:formPostHandler.rowCUSTOMERS.PCUSTNAME">
 <summary>
 Get / Set the "Parent Company No." Value of CUSTOMERS.
 </summary>
 <returns>String</returns>	
</member>
<member name="P:formPostHandler.rowCUSTOMERS.CTYPE2CODE">
 <summary>
 Get / Set the "Secondary Group Code" Value of CUSTOMERS.
 </summary>
 <returns>String</returns>	
</member>
<member name="P:formPostHandler.rowCUSTOMERS.PCUSTDES">
 <summary>
 Get the Read Only "Parent Company Name" Value of CUSTOMERS.
 </summary>
 <returns>String</returns>	
</member>
<member name="P:formPostHandler.rowCUSTOMERS.CTYPE2NAME">
 <summary>
 Get the Read Only "Group Description" Value of CUSTOMERS.
 </summary>
 <returns>String</returns>	
</member>
<member name="P:formPostHandler.rowCUSTOMERS.CUSTPART">
 <summary>
 Get / Set the "Ship Cust Parts Only" Value of CUSTOMERS.
 </summary>
 <returns>String</returns>	
</member>
<member name="P:formPostHandler.rowCUSTOMERS.NSFLAG">
 <summary>
 Get / Set the "Change Name?" Value of CUSTOMERS.
 </summary>
 <returns>String</returns>	
</member>
<member name="P:formPostHandler.rowCUSTOMERS.INACTIVE">
 <summary>
 Get / Set the "Inactive" Value of CUSTOMERS.
 </summary>
 <returns>String</returns>	
</member>
<member name="P:formPostHandler.rowCUSTOMERS.STCODE">
 <summary>
 Get / Set the "Shipment Code" Value of CUSTOMERS.
 </summary>
 <returns>String</returns>	
</member>
<member name="P:formPostHandler.rowCUSTOMERS.STDES">
 <summary>
 Get the Read Only "Shipping Method" Value of CUSTOMERS.
 </summary>
 <returns>String</returns>	
</member>
<member name="P:formPostHandler.rowCUSTOMERS.ZONECODE">
 <summary>
 Get / Set the "Zone Code" Value of CUSTOMERS.
 </summary>
 <returns>String</returns>	
</member>
<member name="P:formPostHandler.rowCUSTOMERS.ZONEDES">
 <summary>
 Get the Read Only "Zone Description" Value of CUSTOMERS.
 </summary>
 <returns>String</returns>	
</member>
<member name="P:formPostHandler.rowCUSTOMERS.TRACK">
 <summary>
 Get the Read Only "Service Route" Value of CUSTOMERS.
 </summary>
 <returns>String</returns>	
</member>
<member name="P:formPostHandler.rowCUSTOMERS.CUSTNAMEPATNAME">
 <summary>
 Get / Set the "Cust No. Template" Value of CUSTOMERS.
 </summary>
 <returns>String</returns>	
</member>
<member name="P:formPostHandler.rowCUSTOMERS.ADDRESS">
 <summary>
 Get / Set the "Street Address" Value of CUSTOMERS.
 </summary>
 <returns>String</returns>	
</member>
<member name="P:formPostHandler.rowCUSTOMERS.ADDRESS2">
 <summary>
 Get / Set the "Address (Line 2)" Value of CUSTOMERS.
 </summary>
 <returns>String</returns>	
</member>
<member name="P:formPostHandler.rowCUSTOMERS.ADDRESS3">
 <summary>
 Get / Set the "Address (Line 3)" Value of CUSTOMERS.
 </summary>
 <returns>String</returns>	
</member>
<member name="P:formPostHandler.rowCUSTOMERS.STATE">
 <summary>
 Get / Set the "City/State" Value of CUSTOMERS.
 </summary>
 <returns>String</returns>	
</member>
<member name="P:formPostHandler.rowCUSTOMERS.STATEA">
 <summary>
 Get / Set the "City" Value of CUSTOMERS.
 </summary>
 <returns>String</returns>	
</member>
<member name="P:formPostHandler.rowCUSTOMERS.STATECODE">
 <summary>
 Get / Set the "State Code" Value of CUSTOMERS.
 </summary>
 <returns>String</returns>	
</member>
<member name="P:formPostHandler.rowCUSTOMERS.STATENAME">
 <summary>
 Get / Set the "State" Value of CUSTOMERS.
 </summary>
 <returns>String</returns>	
</member>
<member name="P:formPostHandler.rowCUSTOMERS.ZIP">
 <summary>
 Get / Set the "Zip Code" Value of CUSTOMERS.
 </summary>
 <returns>String</returns>	
</member>
<member name="P:formPostHandler.rowCUSTOMERS.COUNTRYNAME">
 <summary>
 Get / Set the "Country" Value of CUSTOMERS.
 </summary>
 <returns>String</returns>	
</member>
<member name="P:formPostHandler.rowCUSTOMERS.WTAXNUM">
 <summary>
 Get / Set the "Company Number" Value of CUSTOMERS.
 </summary>
 <returns>String</returns>	
</member>
<member name="P:formPostHandler.rowCUSTOMERS.WTAXNUMEXPL">
 <summary>
 Get / Set the "Type of Tax File" Value of CUSTOMERS.
 </summary>
 <returns>String</returns>	
</member>
<member name="P:formPostHandler.rowCUSTOMERS.VATNUM">
 <summary>
 Get / Set the "VAT Number-Cust." Value of CUSTOMERS.
 </summary>
 <returns>String</returns>	
</member>
<member name="P:formPostHandler.rowCUSTOMERS.AGENTCODE">
 <summary>
 Get / Set the "Sales Rep Number" Value of CUSTOMERS.
 </summary>
 <returns>String</returns>	
</member>
<member name="P:formPostHandler.rowCUSTOMERS.AGENTNAME">
 <summary>
 Get the Read Only "Sales Rep Name" Value of CUSTOMERS.
 </summary>
 <returns>String</returns>	
</member>
<member name="P:formPostHandler.rowCUSTOMERS.AGENTCODE2">
 <summary>
 Get / Set the "Add'l Sales Rep No." Value of CUSTOMERS.
 </summary>
 <returns>String</returns>	
</member>
<member name="P:formPostHandler.rowCUSTOMERS.AGENTNAME2">
 <summary>
 Get the Read Only "Add'l Sales Rep Name" Value of CUSTOMERS.
 </summary>
 <returns>String</returns>	
</member>
<member name="P:formPostHandler.rowCUSTOMERS.TERRITORYCODE">
 <summary>
 Get / Set the "Territory Code" Value of CUSTOMERS.
 </summary>
 <returns>String</returns>	
</member>
<member name="P:formPostHandler.rowCUSTOMERS.TERRITORYDES">
 <summary>
 Get the Read Only "Territory Name" Value of CUSTOMERS.
 </summary>
 <returns>String</returns>	
</member>
<member name="P:formPostHandler.rowCUSTOMERS.COMMISSION">
 <summary>
 Get / Set the "Rep's Commission (%)" Value of CUSTOMERS.
 </summary>
 <returns>Decimal</returns>	
</member>
<member name="P:formPostHandler.rowCUSTOMERS.ESTABLISHED">
 <summary>
 Get / Set the "Year Established" Value of CUSTOMERS.
 </summary>
 <returns>String</returns>	
</member>
<member name="P:formPostHandler.rowCUSTOMERS.EMPNUM">
 <summary>
 Get / Set the "Number of Employees" Value of CUSTOMERS.
 </summary>
 <returns>Integer</returns>	
</member>
<member name="P:formPostHandler.rowCUSTOMERS.ZEMG_RECORDEMAIL">
 <summary>
 Get / Set the "Record Emails?" Value of CUSTOMERS.
 </summary>
 <returns>String</returns>	
</member>
<member name="P:formPostHandler.rowCUSTOMERS.BRANCHNAME">
 <summary>
 Get / Set the "Branch Code" Value of CUSTOMERS.
 </summary>
 <returns>String</returns>	
</member>
<member name="P:formPostHandler.rowCUSTOMERS.BRANCHDES">
 <summary>
 Get the Read Only "Branch Name" Value of CUSTOMERS.
 </summary>
 <returns>String</returns>	
</member>
<member name="P:formPostHandler.rowCUSTOMERS.PAYCODE">
 <summary>
 Get / Set the "Payment Terms Code" Value of CUSTOMERS.
 </summary>
 <returns>String</returns>	
</member>
<member name="P:formPostHandler.rowCUSTOMERS.PAYDES">
 <summary>
 Get the Read Only "Payment Terms" Value of CUSTOMERS.
 </summary>
 <returns>String</returns>	
</member>
<member name="P:formPostHandler.rowCUSTOMERS.MAX_CREDIT">
 <summary>
 Get / Set the "Credit Limit" Value of CUSTOMERS.
 </summary>
 <returns>Decimal</returns>	
</member>
<member name="P:formPostHandler.rowCUSTOMERS.MAX_OBLIGO">
 <summary>
 Get / Set the "Liability Limit" Value of CUSTOMERS.
 </summary>
 <returns>Decimal</returns>	
</member>
<member name="P:formPostHandler.rowCUSTOMERS.OBCODE">
 <summary>
 Get / Set the "Credit Currency" Value of CUSTOMERS.
 </summary>
 <returns>String</returns>	
</member>
<member name="P:formPostHandler.rowCUSTOMERS.DISTRLINECODE">
 <summary>
 Get / Set the "Distrib. Route Code" Value of CUSTOMERS.
 </summary>
 <returns>String</returns>	
</member>
<member name="P:formPostHandler.rowCUSTOMERS.DISTRLINEDES">
 <summary>
 Get the Read Only "Distrib. Route Desc." Value of CUSTOMERS.
 </summary>
 <returns>String</returns>	
</member>
<member name="P:formPostHandler.rowCUSTOMERS.UNLOADTIME">
 <summary>
 Get / Set the "Unload Time (Deliv.)" Value of CUSTOMERS.
 </summary>
 <returns>String</returns>	
</member>
<member name="P:formPostHandler.rowCUSTOMERS.DISTRORDER">
 <summary>
 Get / Set the "Delivery Order" Value of CUSTOMERS.
 </summary>
 <returns>Integer</returns>	
</member>
<member name="P:formPostHandler.rowCUSTOMERS.NOTALLOWFORECAST">
 <summary>
 Get / Set the "Cust Forecasts Only" Value of CUSTOMERS.
 </summary>
 <returns>String</returns>	
</member>
<member name="P:formPostHandler.rowCUSTOMERS.BONUSFLAG">
 <summary>
 Get / Set the "Gets Regular Bonus?" Value of CUSTOMERS.
 </summary>
 <returns>String</returns>	
</member>
<member name="P:formPostHandler.rowCUSTOMERS.COMPETITORFLAG">
 <summary>
 Get / Set the "Competitor?" Value of CUSTOMERS.
 </summary>
 <returns>String</returns>	
</member>
<member name="P:formPostHandler.rowCUSTOMERS.FORECAST">
 <summary>
 Get / Set the "Sales/Order Target?" Value of CUSTOMERS.
 </summary>
 <returns>String</returns>	
</member>
<member name="P:formPostHandler.rowCUSTOMERS.CHANEL">
 <summary>
 Get / Set the "Sales Channel?" Value of CUSTOMERS.
 </summary>
 <returns>String</returns>	
</member>
<member name="P:formPostHandler.rowCUSTOMERS.DISTRTYPECODE">
 <summary>
 Get / Set the "Distribution Type" Value of CUSTOMERS.
 </summary>
 <returns>String</returns>	
</member>
<member name="P:formPostHandler.rowCUSTOMERS.DISTRTYPEDES">
 <summary>
 Get the Read Only "Distrib. Type Desc." Value of CUSTOMERS.
 </summary>
 <returns>String</returns>	
</member>
<member name="P:formPostHandler.rowCUSTOMERS.SECONDLANGTEXT">
 <summary>
 Get / Set the "Printouts in Lang 2?" Value of CUSTOMERS.
 </summary>
 <returns>String</returns>	
</member>
<member name="P:formPostHandler.rowCUSTOMERS.CONFIDENTIAL">
 <summary>
 Get / Set the "Secured Customer?" Value of CUSTOMERS.
 </summary>
 <returns>String</returns>	
</member>
<member name="P:formPostHandler.rowCUSTOMERS.HOSTNAME">
 <summary>
 Get / Set the "Web Site" Value of CUSTOMERS.
 </summary>
 <returns>String</returns>	
</member>
<member name="P:formPostHandler.rowCUSTOMERS.ZEMG_SUPPLNAME">
 <summary>
 Get / Set the "Price List Code" Value of CUSTOMERS.
 </summary>
 <returns>String</returns>	
</member>
<member name="P:formPostHandler.rowCUSTOMERS.ZEMG_SUPPLDES">
 <summary>
 Get the Read Only "Price List Descrip." Value of CUSTOMERS.
 </summary>
 <returns>String</returns>	
</member>
<member name="P:formPostHandler.rowCUSTOMERS.SPEC1">
 <summary>
 Get / Set the "{CUSTSPEC_SPEC1.F}" Value of CUSTOMERS.
 </summary>
 <returns>String</returns>	
</member>
<member name="P:formPostHandler.rowCUSTOMERS.SPEC2">
 <summary>
 Get / Set the "{CUSTSPEC_SPEC2.F}" Value of CUSTOMERS.
 </summary>
 <returns>String</returns>	
</member>
<member name="P:formPostHandler.rowCUSTOMERS.ZEMG_CASHNAME">
 <summary>
 Get / Set the "Pay to Bank Account" Value of CUSTOMERS.
 </summary>
 <returns>String</returns>	
</member>
<member name="P:formPostHandler.rowCUSTOMERS.SPEC3">
 <summary>
 Get / Set the "{CUSTSPEC_SPEC3.F}" Value of CUSTOMERS.
 </summary>
 <returns>String</returns>	
</member>
<member name="P:formPostHandler.rowCUSTOMERS.ZEMG_CASHDES">
 <summary>
 Get the Read Only "Bank Account Desc." Value of CUSTOMERS.
 </summary>
 <returns>String</returns>	
</member>
<member name="P:formPostHandler.rowCUSTOMERS.SPEC4">
 <summary>
 Get / Set the "{CUSTSPEC_SPEC4.F}" Value of CUSTOMERS.
 </summary>
 <returns>String</returns>	
</member>
<member name="P:formPostHandler.rowCUSTOMERS.SPEC5">
 <summary>
 Get / Set the "{CUSTSPEC_SPEC5.F}" Value of CUSTOMERS.
 </summary>
 <returns>String</returns>	
</member>
<member name="P:formPostHandler.rowCUSTOMERS.SPEC6">
 <summary>
 Get / Set the "{CUSTSPEC_SPEC6.F}" Value of CUSTOMERS.
 </summary>
 <returns>String</returns>	
</member>
<member name="P:formPostHandler.rowCUSTOMERS.SPEC7">
 <summary>
 Get / Set the "{CUSTSPEC_SPEC7.F}" Value of CUSTOMERS.
 </summary>
 <returns>String</returns>	
</member>
<member name="P:formPostHandler.rowCUSTOMERS.SPEC8">
 <summary>
 Get / Set the "{CUSTSPEC_SPEC8.F}" Value of CUSTOMERS.
 </summary>
 <returns>String</returns>	
</member>
<member name="P:formPostHandler.rowCUSTOMERS.SPEC9">
 <summary>
 Get / Set the "{CUSTSPEC_SPEC9.F}" Value of CUSTOMERS.
 </summary>
 <returns>String</returns>	
</member>
<member name="P:formPostHandler.rowCUSTOMERS.SPEC10">
 <summary>
 Get / Set the "{CUSTSPEC_SPEC10.F}" Value of CUSTOMERS.
 </summary>
 <returns>String</returns>	
</member>
<member name="P:formPostHandler.rowCUSTOMERS.SPEC11">
 <summary>
 Get / Set the "{CUSTSPEC_SPEC11.F}" Value of CUSTOMERS.
 </summary>
 <returns>String</returns>	
</member>
<member name="P:formPostHandler.rowCUSTOMERS.SPEC12">
 <summary>
 Get / Set the "{CUSTSPEC_SPEC12.F}" Value of CUSTOMERS.
 </summary>
 <returns>String</returns>	
</member>
<member name="P:formPostHandler.rowCUSTOMERS.SPEC13">
 <summary>
 Get / Set the "{CUSTSPEC_SPEC13.F}" Value of CUSTOMERS.
 </summary>
 <returns>String</returns>	
</member>
<member name="P:formPostHandler.rowCUSTOMERS.SPEC14">
 <summary>
 Get / Set the "{CUSTSPEC_SPEC14.F}" Value of CUSTOMERS.
 </summary>
 <returns>String</returns>	
</member>
<member name="P:formPostHandler.rowCUSTOMERS.SPEC15">
 <summary>
 Get / Set the "{CUSTSPEC_SPEC15.F}" Value of CUSTOMERS.
 </summary>
 <returns>String</returns>	
</member>
<member name="P:formPostHandler.rowCUSTOMERS.SPEC16">
 <summary>
 Get / Set the "{CUSTSPEC_SPEC16.F}" Value of CUSTOMERS.
 </summary>
 <returns>String</returns>	
</member>
<member name="P:formPostHandler.rowCUSTOMERS.ZEMG_IVTOPAYCUST">
 <summary>
 Get the Read Only "Inv. to Billing Cust" Value of CUSTOMERS.
 </summary>
 <returns>String</returns>	
</member>
<member name="P:formPostHandler.rowCUSTOMERS.SPEC17">
 <summary>
 Get / Set the "{CUSTSPEC_SPEC17.F}" Value of CUSTOMERS.
 </summary>
 <returns>String</returns>	
</member>
<member name="P:formPostHandler.rowCUSTOMERS.SPEC18">
 <summary>
 Get / Set the "{CUSTSPEC_SPEC18.F}" Value of CUSTOMERS.
 </summary>
 <returns>String</returns>	
</member>
<member name="P:formPostHandler.rowCUSTOMERS.SPEC19">
 <summary>
 Get / Set the "{CUSTSPEC_SPEC19.F}" Value of CUSTOMERS.
 </summary>
 <returns>String</returns>	
</member>
<member name="P:formPostHandler.rowCUSTOMERS.SPEC20">
 <summary>
 Get / Set the "{CUSTSPEC_SPEC20.F}" Value of CUSTOMERS.
 </summary>
 <returns>String</returns>	
</member>
<member name="P:formPostHandler.rowCUSTOMERS.EMG_SPEC21">
 <summary>
 Get / Set the "Order Value" Value of CUSTOMERS.
 </summary>
 <returns>Decimal</returns>	
</member>
<member name="P:formPostHandler.rowCUSTOMERS.EMG_REMARK">
 <summary>
 Get / Set the "Remark" Value of CUSTOMERS.
 </summary>
 <returns>String</returns>	
</member>
<member name="P:formPostHandler.rowCUSTOMERS.EXTFILEFLAG">
 <summary>
 Get the Read Only "Attachments?" Value of CUSTOMERS.
 </summary>
 <returns>String</returns>	
</member>
<member name="P:formPostHandler.rowCUSTOMERS.WAVESTRATEGYCODE">
 <summary>
 Get / Set the "Task Split Method" Value of CUSTOMERS.
 </summary>
 <returns>String</returns>	
</member>
<member name="P:formPostHandler.rowCUSTOMERS.WAVESTRATEGYDES">
 <summary>
 Get the Read Only "Splitting Method" Value of CUSTOMERS.
 </summary>
 <returns>String</returns>	
</member>
<member name="P:formPostHandler.rowCUSTOMERS.PICKSTGCODE">
 <summary>
 Get / Set the "Pick Strategy Code" Value of CUSTOMERS.
 </summary>
 <returns>String</returns>	
</member>
<member name="P:formPostHandler.rowCUSTOMERS.PICKSTGDES">
 <summary>
 Get the Read Only "Strategy Description" Value of CUSTOMERS.
 </summary>
 <returns>String</returns>	
</member>
<member name="P:formPostHandler.rowCUSTOMERS.AUTOSHPFLAG">
 <summary>
 Get / Set the "AutoShip Pack Crates" Value of CUSTOMERS.
 </summary>
 <returns>String</returns>	
</member>
<member name="P:formPostHandler.rowCUSTOMERS.EDOCUMENTS">
 <summary>
 Get / Set the "Receives e-Documents" Value of CUSTOMERS.
 </summary>
 <returns>String</returns>	
</member>
<member name="P:formPostHandler.rowCUSTOMERS.GPSX">
 <summary>
 Get / Set the "Latitude" Value of CUSTOMERS.
 </summary>
 <returns>String</returns>	
</member>
<member name="P:formPostHandler.rowCUSTOMERS.GPSY">
 <summary>
 Get / Set the "Longitude" Value of CUSTOMERS.
 </summary>
 <returns>String</returns>	
</member>
<member name="P:formPostHandler.rowCUSTOMERS.QRANKCODE">
 <summary>
 Get / Set the "Quality Code" Value of CUSTOMERS.
 </summary>
 <returns>String</returns>	
</member>
<member name="P:formPostHandler.rowCUSTOMERS.QRANKDES">
 <summary>
 Get the Read Only "Quality Description" Value of CUSTOMERS.
 </summary>
 <returns>String</returns>	
</member>
<member name="P:formPostHandler.rowCUSTOMERS.DCMONTHS">
 <summary>
 Get / Set the "Allowed Inv Age-Mos." Value of CUSTOMERS.
 </summary>
 <returns>Integer</returns>	
</member>
<member name="P:formPostHandler.rowCUSTOMERS.CODE">
 <summary>
 Get / Set the "Billing Currency" Value of CUSTOMERS.
 </summary>
 <returns>String</returns>	
</member>
<member name="P:formPostHandler.rowCUSTOMERS.TAXCODE">
 <summary>
 Get / Set the "Tax Code" Value of CUSTOMERS.
 </summary>
 <returns>String</returns>	
</member>
<member name="P:formPostHandler.rowCUSTOMERS.TAXDES">
 <summary>
 Get the Read Only "Tax Description" Value of CUSTOMERS.
 </summary>
 <returns>String</returns>	
</member>
<member name="P:formPostHandler.rowCUSTOMERS.CUSTREMARK">
 <summary>
 Get / Set the "Cust's Instructions" Value of CUSTOMERS.
 </summary>
 <returns>String</returns>	
</member>
<member name="P:formPostHandler.rowCUSTOMERS.PIKORDER">
 <summary>
 Get / Set the "Pick Order" Value of CUSTOMERS.
 </summary>
 <returns>Integer</returns>	
</member>
<member name="P:formPostHandler.rowCUSTOMERS.MINEXPDAYS">
 <summary>
 Get / Set the "Days Until Expirat'n" Value of CUSTOMERS.
 </summary>
 <returns>Integer</returns>	
</member>
<member name="P:formPostHandler.rowCUSTOMERS.EMG_AGENTCODE">
 <summary>
 Get / Set the "Reffered Rep Number" Value of CUSTOMERS.
 </summary>
 <returns>String</returns>	
</member>
<member name="P:formPostHandler.rowCUSTOMERS.EMG_INFOVAL">
 <summary>
 Get / Set the "Version" Value of CUSTOMERS.
 </summary>
 <returns>String</returns>	
</member>
<member name="P:formPostHandler.rowCUSTOMERS.MEDS_CPYEXTFILES">
 <summary>
 Get / Set the "Copy account docs?" Value of CUSTOMERS.
 </summary>
 <returns>String</returns>	
</member>
<member name="P:formPostHandler.rowCUSTOMERS.EMG_AGENTNAME">
 <summary>
 Get the Read Only "Reffered Rep Name" Value of CUSTOMERS.
 </summary>
 <returns>String</returns>	
</member>
<member name="P:formPostHandler.rowCUSTOMERS.EMG_COMPETITION">
 <summary>
 Get / Set the "Competition" Value of CUSTOMERS.
 </summary>
 <returns>String</returns>	
</member>
<member name="P:formPostHandler.rowCUSTOMERS.EMG_DATEREFERRED">
 <summary>
 Get / Set the "Date Referred" Value of CUSTOMERS.
 </summary>
 <returns>Date</returns>	
</member>
<member name="P:formPostHandler.rowCUSTOMERS.ZEMG_NEED">
 <summary>
 Get / Set the "Need" Value of CUSTOMERS.
 </summary>
 <returns>String</returns>	
</member>
<member name="P:formPostHandler.rowCUSTOMERS.ZEMG_MONEY">
 <summary>
 Get / Set the "Money" Value of CUSTOMERS.
 </summary>
 <returns>String</returns>	
</member>
<member name="P:formPostHandler.rowCUSTOMERS.ZEMG_AUTHORITY">
 <summary>
 Get / Set the "Authority" Value of CUSTOMERS.
 </summary>
 <returns>String</returns>	
</member>
<member name="P:formPostHandler.rowCUSTOMERS.ZEMG_TIMESCALE">
 <summary>
 Get / Set the "Timescale" Value of CUSTOMERS.
 </summary>
 <returns>String</returns>	
</member>
<member name="P:formPostHandler.rowCUSTOMERS.ZEMG_CHAMPION">
 <summary>
 Get / Set the "Champion" Value of CUSTOMERS.
 </summary>
 <returns>String</returns>	
</member>
<member name="P:formPostHandler.rowCUSTOMERS.ZEMG_INTERNAL">
 <summary>
 Get the Read Only "Internal Customer?" Value of CUSTOMERS.
 </summary>
 <returns>String</returns>	
</member>
<member name="P:formPostHandler.rowCUSTOMERS.ZEMG_SECURED">
 <summary>
 Get / Set the "Secured Customer" Value of CUSTOMERS.
 </summary>
 <returns>String</returns>	
</member>
<member name="P:formPostHandler.rowCUSTOMERS.ZEMG_NOSEND">
 <summary>
 Get / Set the "Block Credit Control" Value of CUSTOMERS.
 </summary>
 <returns>String</returns>	
</member>
<member name="P:formPostHandler.rowCUSTOMERS.ZAND_FEED">
 <summary>
 Get / Set the "Mobile XML Feed" Value of CUSTOMERS.
 </summary>
 <returns>String</returns>	
</member>
<member name="P:formPostHandler.rowCUSTOMERS.ZEMG_CONTACTS_CHECK">
 <summary>
 Get / Set the "Contacts Last Ch'kd" Value of CUSTOMERS.
 </summary>
 <returns>Date</returns>	
</member>
<member name="P:formPostHandler.rowCUSTOMERS.EMG_INFTYPE">
 <summary>
 Get / Set the "Info Type (ID)" Value of CUSTOMERS.
 </summary>
 <returns>Integer</returns>	
</member>
<member name="P:formPostHandler.rowCUSTOMERS.CUST">
 <summary>
 Get / Set the "Customer (ID)" Value of CUSTOMERS.
 </summary>
 <returns>Integer</returns>	
</member>
<member name="T:formPostHandler.serialCUSTOMERS">
 <summary>
 A nullable version of rowCUSTOMERS.

 This is used to deserialise JSON data
 and should not be instantiated directly.
 </summary>
</member>
<member name="T:formPostHandler.CUSTPERSONNEL">
 <summary>

 This code was generated by the Schema Utility.

 Form: CUSTPERSONNEL as List(Of rowCUSTPERSONNEL)
 Date: 13/11/2019

 </summary>
</member>
<member name="M:formPostHandler.CUSTPERSONNEL.#ctor(System.Reflection.Assembly@,PriPROC6.Interface.oData.oRow)">
 <summary>
 CUSTPERSONNEL Constructor method.
 </summary>
 <param name="Sender">The Assembly.GetExecutingAssembly of your project</param>
 <param name="Parent">Optional: Parent oRow of this form</param>
</member>
<member name="M:formPostHandler.CUSTPERSONNEL.AddRow">
 <summary>
 Add a new row to the CUSTPERSONNEL form.
 </summary>
 <returns>rowCUSTPERSONNEL</returns>
</member>
<member name="T:formPostHandler.rowCUSTPERSONNEL">
 <summary>
 Defines rows in the CUSTPERSONNEL form.
 </summary>
</member>
<member name="M:formPostHandler.rowCUSTPERSONNEL.#ctor(PriPROC6.Interface.oData.oForm)">
 <summary>
 rowCUSTPERSONNEL Constructor method.
 </summary>
 <param name="Parent">Parent oForm of this row</param>
</member>
<member name="P:formPostHandler.rowCUSTPERSONNEL.NAME">
 <summary>
 Get / Set the "Name" Value of CUSTPERSONNEL.
 </summary>
 <returns>String</returns>	
</member>
<member name="P:formPostHandler.rowCUSTPERSONNEL.ENAME">
 <summary>
 Get / Set the "Name (Lang 2)" Value of CUSTPERSONNEL.
 </summary>
 <returns>String</returns>	
</member>
<member name="P:formPostHandler.rowCUSTPERSONNEL.FIRSTNAME">
 <summary>
 Get / Set the "First Name" Value of CUSTPERSONNEL.
 </summary>
 <returns>String</returns>	
</member>
<member name="P:formPostHandler.rowCUSTPERSONNEL.LASTNAME">
 <summary>
 Get / Set the "Last Name" Value of CUSTPERSONNEL.
 </summary>
 <returns>String</returns>	
</member>
<member name="P:formPostHandler.rowCUSTPERSONNEL.INITIALS">
 <summary>
 Get / Set the "Initials" Value of CUSTPERSONNEL.
 </summary>
 <returns>String</returns>	
</member>
<member name="P:formPostHandler.rowCUSTPERSONNEL.STATDES">
 <summary>
 Get / Set the "Status" Value of CUSTPERSONNEL.
 </summary>
 <returns>String</returns>	
</member>
<member name="P:formPostHandler.rowCUSTPERSONNEL.INACTIVE">
 <summary>
 Get the Read Only "Inactive" Value of CUSTPERSONNEL.
 </summary>
 <returns>String</returns>	
</member>
<member name="P:formPostHandler.rowCUSTPERSONNEL.OWNERLOGIN">
 <summary>
 Get / Set the "Assigned to" Value of CUSTPERSONNEL.
 </summary>
 <returns>String</returns>	
</member>
<member name="P:formPostHandler.rowCUSTPERSONNEL.GENDER">
 <summary>
 Get / Set the "Gender" Value of CUSTPERSONNEL.
 </summary>
 <returns>String</returns>	
</member>
<member name="P:formPostHandler.rowCUSTPERSONNEL.PHONENUM">
 <summary>
 Get / Set the "Phone Number" Value of CUSTPERSONNEL.
 </summary>
 <returns>String</returns>	
</member>
<member name="P:formPostHandler.rowCUSTPERSONNEL.POSITIONCODE">
 <summary>
 Get / Set the "Code (Position)" Value of CUSTPERSONNEL.
 </summary>
 <returns>String</returns>	
</member>
<member name="P:formPostHandler.rowCUSTPERSONNEL.CELLPHONE">
 <summary>
 Get / Set the "Cell Phone" Value of CUSTPERSONNEL.
 </summary>
 <returns>String</returns>	
</member>
<member name="P:formPostHandler.rowCUSTPERSONNEL.POSITIONDES2">
 <summary>
 Get the Read Only "Position" Value of CUSTPERSONNEL.
 </summary>
 <returns>String</returns>	
</member>
<member name="P:formPostHandler.rowCUSTPERSONNEL.TITLEDES">
 <summary>
 Get / Set the "Title" Value of CUSTPERSONNEL.
 </summary>
 <returns>String</returns>	
</member>
<member name="P:formPostHandler.rowCUSTPERSONNEL.OFFICEPHONE">
 <summary>
 Get / Set the "Office Phone" Value of CUSTPERSONNEL.
 </summary>
 <returns>String</returns>	
</member>
<member name="P:formPostHandler.rowCUSTPERSONNEL.HOMEPHONE">
 <summary>
 Get / Set the "Home Phone" Value of CUSTPERSONNEL.
 </summary>
 <returns>String</returns>	
</member>
<member name="P:formPostHandler.rowCUSTPERSONNEL.FAX">
 <summary>
 Get / Set the "Fax Number" Value of CUSTPERSONNEL.
 </summary>
 <returns>String</returns>	
</member>
<member name="P:formPostHandler.rowCUSTPERSONNEL.EMAIL">
 <summary>
 Get / Set the "E-mail Address" Value of CUSTPERSONNEL.
 </summary>
 <returns>String</returns>	
</member>
<member name="P:formPostHandler.rowCUSTPERSONNEL.MAILAPP">
 <summary>
 Get / Set the "Consents to Rcv Mail" Value of CUSTPERSONNEL.
 </summary>
 <returns>String</returns>	
</member>
<member name="P:formPostHandler.rowCUSTPERSONNEL.MED_WEBPASSDATE">
 <summary>
 Get / Set the "Date Pass on Site" Value of CUSTPERSONNEL.
 </summary>
 <returns>Date</returns>	
</member>
<member name="P:formPostHandler.rowCUSTPERSONNEL.POSITIONDES">
 <summary>
 Get / Set the "Job Title" Value of CUSTPERSONNEL.
 </summary>
 <returns>String</returns>	
</member>
<member name="P:formPostHandler.rowCUSTPERSONNEL.AGENTCODE">
 <summary>
 Get / Set the "Sales Rep Number" Value of CUSTPERSONNEL.
 </summary>
 <returns>String</returns>	
</member>
<member name="P:formPostHandler.rowCUSTPERSONNEL.AGENTNAME">
 <summary>
 Get the Read Only "Sales Rep Name" Value of CUSTPERSONNEL.
 </summary>
 <returns>String</returns>	
</member>
<member name="P:formPostHandler.rowCUSTPERSONNEL.MAINPHONE">
 <summary>
 Get / Set the "Main Contact" Value of CUSTPERSONNEL.
 </summary>
 <returns>String</returns>	
</member>
<member name="P:formPostHandler.rowCUSTPERSONNEL.DEALFLAG">
 <summary>
 Get / Set the "Marketing Contact" Value of CUSTPERSONNEL.
 </summary>
 <returns>String</returns>	
</member>
<member name="P:formPostHandler.rowCUSTPERSONNEL.CPROFFLAG">
 <summary>
 Get / Set the "Price Quote Contact" Value of CUSTPERSONNEL.
 </summary>
 <returns>String</returns>	
</member>
<member name="P:formPostHandler.rowCUSTPERSONNEL.ORDFLAG">
 <summary>
 Get / Set the "Sales Order Contact" Value of CUSTPERSONNEL.
 </summary>
 <returns>String</returns>	
</member>
<member name="P:formPostHandler.rowCUSTPERSONNEL.DOCFLAG">
 <summary>
 Get / Set the "Shipment Contact" Value of CUSTPERSONNEL.
 </summary>
 <returns>String</returns>	
</member>
<member name="P:formPostHandler.rowCUSTPERSONNEL.CIVFLAG">
 <summary>
 Get / Set the "Invoice Contact" Value of CUSTPERSONNEL.
 </summary>
 <returns>String</returns>	
</member>
<member name="P:formPostHandler.rowCUSTPERSONNEL.TIVFLAG">
 <summary>
 Get / Set the "Aging Contact" Value of CUSTPERSONNEL.
 </summary>
 <returns>String</returns>	
</member>
<member name="P:formPostHandler.rowCUSTPERSONNEL.FNCFLAG">
 <summary>
 Get / Set the "Cust Statemt Contact" Value of CUSTPERSONNEL.
 </summary>
 <returns>String</returns>	
</member>
<member name="P:formPostHandler.rowCUSTPERSONNEL.SERVCALLFLAG">
 <summary>
 Get / Set the "Service Contact" Value of CUSTPERSONNEL.
 </summary>
 <returns>String</returns>	
</member>
<member name="P:formPostHandler.rowCUSTPERSONNEL.CONSINGEEFLAG">
 <summary>
 Get / Set the "Outgo Vouch Contact" Value of CUSTPERSONNEL.
 </summary>
 <returns>String</returns>	
</member>
<member name="P:formPostHandler.rowCUSTPERSONNEL.NOTIFYFLAG">
 <summary>
 Get / Set the "Outgo Vouch Contact2" Value of CUSTPERSONNEL.
 </summary>
 <returns>String</returns>	
</member>
<member name="P:formPostHandler.rowCUSTPERSONNEL.EMG_SERVICE">
 <summary>
 Get / Set the "eMerge SC allowed ?" Value of CUSTPERSONNEL.
 </summary>
 <returns>String</returns>	
</member>
<member name="P:formPostHandler.rowCUSTPERSONNEL.DEPARTMENT">
 <summary>
 Get / Set the "Department" Value of CUSTPERSONNEL.
 </summary>
 <returns>String</returns>	
</member>
<member name="P:formPostHandler.rowCUSTPERSONNEL.PROFESSION">
 <summary>
 Get / Set the "Profession" Value of CUSTPERSONNEL.
 </summary>
 <returns>String</returns>	
</member>
<member name="P:formPostHandler.rowCUSTPERSONNEL.MANAGERNAME">
 <summary>
 Get / Set the "Manager's Name" Value of CUSTPERSONNEL.
 </summary>
 <returns>String</returns>	
</member>
<member name="P:formPostHandler.rowCUSTPERSONNEL.ASSISTANTNAME">
 <summary>
 Get / Set the "Assistant's Name" Value of CUSTPERSONNEL.
 </summary>
 <returns>String</returns>	
</member>
<member name="P:formPostHandler.rowCUSTPERSONNEL.ASSISTANTPHONE">
 <summary>
 Get / Set the "Assistant's Phone" Value of CUSTPERSONNEL.
 </summary>
 <returns>String</returns>	
</member>
<member name="P:formPostHandler.rowCUSTPERSONNEL.BIRTHDATE10">
 <summary>
 Get / Set the "Date of Birth" Value of CUSTPERSONNEL.
 </summary>
 <returns>Date</returns>	
</member>
<member name="P:formPostHandler.rowCUSTPERSONNEL.DCODE">
 <summary>
 Get / Set the "Site" Value of CUSTPERSONNEL.
 </summary>
 <returns>String</returns>	
</member>
<member name="P:formPostHandler.rowCUSTPERSONNEL.CODEDES">
 <summary>
 Get the Read Only "Site Description" Value of CUSTPERSONNEL.
 </summary>
 <returns>String</returns>	
</member>
<member name="P:formPostHandler.rowCUSTPERSONNEL.EXTFILENAME">
 <summary>
 Get / Set the "Photograph" Value of CUSTPERSONNEL.
 </summary>
 <returns>String</returns>	
</member>
<member name="P:formPostHandler.rowCUSTPERSONNEL.ZEMG_XMAS_CARD">
 <summary>
 Get / Set the "Send XMAS Card?" Value of CUSTPERSONNEL.
 </summary>
 <returns>String</returns>	
</member>
<member name="P:formPostHandler.rowCUSTPERSONNEL.ZEMG_NONEWSLETTERS">
 <summary>
 Get / Set the "No Newletters?" Value of CUSTPERSONNEL.
 </summary>
 <returns>String</returns>	
</member>
<member name="P:formPostHandler.rowCUSTPERSONNEL.ZEMG_SUBSCRIBED">
 <summary>
 Get / Set the "Subs to newsletter?" Value of CUSTPERSONNEL.
 </summary>
 <returns>String</returns>	
</member>
<member name="P:formPostHandler.rowCUSTPERSONNEL.ZEMG_UNSUBSCRIBED">
 <summary>
 Get / Set the "Unsubs from newslett" Value of CUSTPERSONNEL.
 </summary>
 <returns>String</returns>	
</member>
<member name="P:formPostHandler.rowCUSTPERSONNEL.ZEMG_MEDALIBRARYUSER">
 <summary>
 Get / Set the "Medatech Libr. User?" Value of CUSTPERSONNEL.
 </summary>
 <returns>String</returns>	
</member>
<member name="P:formPostHandler.rowCUSTPERSONNEL.PHONE">
 <summary>
 Get / Set the "Contact (ID)" Value of CUSTPERSONNEL.
 </summary>
 <returns>Integer</returns>	
</member>
<member name="P:formPostHandler.rowCUSTPERSONNEL.FIRM">
 <summary>
 Get / Set the "Company" Value of CUSTPERSONNEL.
 </summary>
 <returns>String</returns>	
</member>
<member name="T:formPostHandler.serialCUSTPERSONNEL">
 <summary>
 A nullable version of rowCUSTPERSONNEL.

 This is used to deserialise JSON data
 and should not be instantiated directly.
 </summary>
</member>
</members>
</doc>
