﻿{
  "entities": [
    {
      "name": "CUSTOMERS",
      "keys": [ "CUSTNAME" ]
    },
    {
      "name": "CUSTPERSONNEL",
      "keys": [
        "NAME",
        "FIRM"
      ]
    },
    {
      "name": "CUSTNOTES",
      "keys": [ "CUSTNOTE" ]
    },
    {
      "name": "ORDERS",
      "keys": [ "ORDNAME" ]
    },
    {
      "name": "ORDERITEMS",
      "keys": [ "CHARGEIV", "KLINE" ]
    },
    {
      "name": "DOCUMENTS_p",
      "keys": ["DOCNO", "TYPE"]
    }
  ]
}